<?xml version="1.0" encoding="utf-8"?>
<taskscan>
<description>description</description>
<engineId>3</engineId>
<importance>normal</importance>
<name>SCAN_56_2019-03-14 09:10:49</name>
<scanTemplateId>full-audit-without-web-spider</scanTemplateId>
<toolcategory>toolcategory</toolcategory>
<output>./</output>
<taskcode>taskcode</taskcode>
<customConfig>
    <sendIcmpPings>true</sendIcmpPings>
    <tcpPorts>22,23,80</tcpPorts>
    <udpPorts>21,43,25</udpPorts>
    <ipFingerprintingEnabled>true</ipFingerprintingEnabled>
    <tcpAdditionalPorts>1-100,22</tcpAdditionalPorts>
    <udpAdditionalPorts>80-88,5</udpAdditionalPorts>
    <parallelismMininum>1</parallelismMininum>
    <parallelismMaxinum>5</parallelismMaxinum>
    <packetRateMininum>450</packetRateMininum>
    <packetRateMaxinum>15000</packetRateMaxinum>
    <maxParallelAssets>20</maxParallelAssets>
    <maxScanProcesses>10</maxScanProcesses>
</customConfig>
<taskconfigItems>
    <taskconfig>
        <id>taskid</id>
        <ip>172.16.39.22</ip>
        <cracks>
            <bfTimeOut>3</bfTimeOut>
            <connectTimeOut>5</connectTimeOut>
            <modelItems>
                <model>
                    <port>22</port>
                    <service>ssh</service>
                </model>
                <model>
                    <port>21</port>
                    <service>telnet</service>
                </model>
            </modelItems>
            <name>crack_task_2019-03-14 09:10:49</name>
            <targets>172.16.39.22</targets>
            <threads>15</threads>
        </cracks>
    </taskconfig>
    <taskconfig>
        <id>taskid</id>
        <ip>172.16.39.251</ip>
        <Credentials>
            <account>
                <service>as400</service>
                <domain>domain</domain>
                <username>user</username>
                <password>password</password>
            </account>
            <description>description</description>
            <enabled>false</enabled>
            <hostRestriction>127.0.0.1</hostRestriction>
            <name>name</name>
            <portRestriction>22</portRestriction>
        </Credentials>
        <Credentials>
            <account>
                <service>cifs</service>
                <domain>domain</domain>
                <username>user</username>
                <password>password</password>
            </account>
            <description>description</description>
            <enabled>false</enabled>
            <hostRestriction>127.0.0.1</hostRestriction>
            <name>name</name>
            <portRestriction>22</portRestriction>
        </Credentials>
        <Credentials>
            <account>
                <service>cifshash</service>
                <domain>domain</domain>
                <username>user</username>
                <ntlmHash>ntlmHash</ntlmHash>
            </account>
            <description>description</description>
            <enabled>false</enabled>
            <hostRestriction>127.0.0.1</hostRestriction>
            <name>name</name>
            <portRestriction>22</portRestriction>
        </Credentials>
        <Credentials>
            <account>
                <service>cvs</service>
                <domain>domain</domain>
                <username>user</username>
                <password>password</password>
            </account>
            <description>description</description>
            <enabled>false</enabled>
            <hostRestriction>127.0.0.1</hostRestriction>
            <name>name</name>
            <portRestriction>22</portRestriction>
        </Credentials>
        <Credentials>
            <account>
                <service>db2</service>
                <database>databasename</database>
                <username>user</username>
                <password>password</password>
            </account>
            <description>description</description>
            <enabled>false</enabled>
            <hostRestriction>127.0.0.1</hostRestriction>
            <name>name</name>
            <portRestriction>22</portRestriction>
        </Credentials>
        <Credentials>
            <account>
                <service>ftp</service>
                <username>user</username>
                <password>password</password>
            </account>
            <description>description</description>
            <enabled>false</enabled>
            <hostRestriction>127.0.0.1</hostRestriction>
            <name>name</name>
            <portRestriction>22</portRestriction>
        </Credentials>
        <Credentials>
            <account>
                <service>http</service>
                <realm>realm</realm>
                <username>user</username>
                <password>password</password>
            </account>
            <description>description</description>
            <enabled>false</enabled>
            <hostRestriction>127.0.0.1</hostRestriction>
            <name>name</name>
            <portRestriction>22</portRestriction>
        </Credentials>
        <Credentials>
            <account>
                <service>ms-sql</service>
                <domain>domain</domain>
                <useWindowsAuthentication>false</useWindowsAuthentication>
                <username>user</username>
                <password>password</password>
                <Database>databasename</Database>
            </account>
            <description>description</description>
            <enabled>false</enabled>
            <hostRestriction>127.0.0.1</hostRestriction>
            <name>name</name>
            <portRestriction>22</portRestriction>
        </Credentials>
        <Credentials>
            <account>
                <service>mysql</service>
                <database>databasename</database>
                <username>user</username>
                <password>password</password>
            </account>
            <description>description</description>
            <enabled>false</enabled>
            <hostRestriction>127.0.0.1</hostRestriction>
            <name>name</name>
            <portRestriction>22</portRestriction>
        </Credentials>
        <Credentials>
            <account>
                <service>notes</service>
                <notesIDPassword>notesIDPassword</notesIDPassword>
            </account>
            <description>description</description>
            <enabled>false</enabled>
            <hostRestriction>127.0.0.1</hostRestriction>
            <name>name</name>
            <portRestriction>22</portRestriction>
        </Credentials>
        <Credentials>
            <account>
                <service>oracle</service>
                <sid>sid</sid>
                <username>user</username>
                <password>password</password>
                <enumerateSids>false</enumerateSids>
                <oracleListenerPassword>oracleListenerPassword</oracleListenerPassword>
            </account>
            <description>description</description>
            <enabled>false</enabled>
            <hostRestriction>127.0.0.1</hostRestriction>
            <name>name</name>
            <portRestriction>22</portRestriction>
        </Credentials>
        <Credentials>
            <account>
                <service>pop</service>
                <username>user</username>
                <password>password</password>
            </account>
            <description>description</description>
            <enabled>false</enabled>
            <hostRestriction>127.0.0.1</hostRestriction>
            <name>name</name>
            <portRestriction>22</portRestriction>
        </Credentials>
        <Credentials>
            <account>
                <service>postgresql</service>
                <database>databasename</database>
                <username>user</username>
                <password>password</password>
            </account>
            <description>description</description>
            <enabled>false</enabled>
            <hostRestriction>127.0.0.1</hostRestriction>
            <name>name</name>
            <portRestriction>22</portRestriction>
        </Credentials>
        <Credentials>
            <account>
                <service>remote-exec</service>
                <username>user</username>
                <password>password</password>
            </account>
            <description>description</description>
            <enabled>false</enabled>
            <hostRestriction>127.0.0.1</hostRestriction>
            <name>name</name>
            <portRestriction>22</portRestriction>
        </Credentials>
        <Credentials>
            <account>
                <service>snmp</service>
                <communityName>communityName</communityName>
            </account>
            <description>description</description>
            <enabled>false</enabled>
            <hostRestriction>127.0.0.1</hostRestriction>
            <name>name</name>
            <portRestriction>22</portRestriction>
        </Credentials>
        <Credentials>
            <account>
                <service>snmpv3</service>
                <authenticationType>md5</authenticationType>
                <username>user</username>
                <password>pwd</password>
                <privacyType>aes-128</privacyType>
                <privacyPassword>privacyPassword</privacyPassword>
            </account>
            <description>description</description>
            <enabled>false</enabled>
            <hostRestriction>127.0.0.1</hostRestriction>
            <name>name</name>
            <portRestriction>22</portRestriction>
        </Credentials>
        <Credentials>
            <account>
                <service>ssh</service>
                <username>user</username>
                <password>pwd</password>
                <permissionElevation>sudo</permissionElevation>
                <permissionElevationUsername>permissionElevationUsername</permissionElevationUsername>
                <permissionElevationPassword>permissionElevationPassword</permissionElevationPassword>
            </account>
            <description>description</description>
            <enabled>false</enabled>
            <hostRestriction>127.0.0.1</hostRestriction>
            <name>name</name>
            <portRestriction>22</portRestriction>
        </Credentials>
        <Credentials>
            <account>
                <service>ssh-key</service>
                <username>user</username>
                <privateKeyPassword>privateKeyPassword</privateKeyPassword>
                <pemKey>pemKey</pemKey>
                <permissionElevation>sudo</permissionElevation>
                <permissionElevationUsername>permissionElevationUsername</permissionElevationUsername>
                <permissionElevationPassword>permissionElevationPassword</permissionElevationPassword>
            </account>
            <description>description</description>
            <enabled>false</enabled>
            <hostRestriction>127.0.0.1</hostRestriction>
            <name>name</name>
            <portRestriction>22</portRestriction>
        </Credentials>
        <Credentials>
            <account>
                <service>sybase</service>
                <domain>domain</domain>
                <useWindowsAuthentication>false</useWindowsAuthentication>
                <username>user</username>
                <password>password</password>
                <Database>databasename</Database>
            </account>
            <description>description</description>
            <enabled>false</enabled>
            <hostRestriction>127.0.0.1</hostRestriction>
            <name>name</name>
            <portRestriction>22</portRestriction>
        </Credentials>
        <Credentials>
            <account>
                <service>telnet</service>
                <username>user</username>
                <password>password</password>
            </account>
            <description>description</description>
            <enabled>false</enabled>
            <hostRestriction>127.0.0.1</hostRestriction>
            <name>name</name>
            <portRestriction>22</portRestriction>
        </Credentials>
    </taskconfig>
</taskconfigItems>
</taskscan>
