<?xml version="1.0" encoding="utf-8"?>
<taskscan>
    <description>description</description>
    <engineId>3</engineId>
    <importance>normal</importance>
    <name>SCAN_56_2019-02-27 18:06:19</name>
    <scanTemplateId>full-audit-without-web-spider</scanTemplateId>
    <toolcategory>toolcategory</toolcategory>
    <output>.\results</output>
    <taskcode>taskcode</taskcode>
    <taskconfigItems>
        <taskconfig>
            <id>subTaskid</id>
            <ip>172.16.39.37</ip>

            <cracks>
                <bfTimeOut>3</bfTimeOut>
                <connectTimeOut>5</connectTimeOut>
                <modelItems>
                    <model>
                        <port>22</port>
                        <service>ssh</service>
                    </model>
                    <model>
                        <port>21</port>
                        <service>telnet</service>
                    </model>
                </modelItems>
                <name>crack_task_2019-03-09 14:42:43</name>
                <targets>172.16.39.37</targets>
                <threads>15</threads>
            </cracks>

            <Credentials>
                <account>
                    <service>as400</service>
                    <domain>domain</domain>
                    <username>user</username>
                    <password>password</password>
                </account>
                <description>description</description>
                <hostRestriction>127.0.0.1</hostRestriction>
                <name>name</name>
                <portRestriction>22</portRestriction>
            </Credentials>
            <Credentials>
                <account>
                    <service>cifs</service>
                    <domain>domain</domain>
                    <username>user</username>
                    <password>password</password>
                </account>
                <description>description</description>
                <hostRestriction>127.0.0.1</hostRestriction>
                <name>name</name>
                <portRestriction>22</portRestriction>
            </Credentials>
            <Credentials>
                <account>
                    <service>cifshash</service>
                    <domain>domain</domain>
                    <username>user</username>
                    <ntlmHash>ntlmHash</ntlmHash>
                </account>
                <description>description</description>
                <hostRestriction>127.0.0.1</hostRestriction>
                <name>name</name>
                <portRestriction>22</portRestriction>
            </Credentials>
            <Credentials>
                <account>
                    <service>cvs</service>
                    <domain>domain</domain>
                    <username>user</username>
                    <password>password</password>
                </account>
                <description>description</description>
                <hostRestriction>127.0.0.1</hostRestriction>
                <name>name</name>
                <portRestriction>22</portRestriction>
            </Credentials>
            <Credentials>
                <account>
                    <service>db2</service>
                    <database>databasename</database>
                    <username>user</username>
                    <password>password</password>
                </account>
                <description>description</description>
                <hostRestriction>127.0.0.1</hostRestriction>
                <name>name</name>
                <portRestriction>22</portRestriction>
            </Credentials>
            <Credentials>
                <account>
                    <service>ftp</service>
                    <username>user</username>
                    <password>password</password>
                </account>
                <description>description</description>
                <hostRestriction>127.0.0.1</hostRestriction>
                <name>name</name>
                <portRestriction>22</portRestriction>
            </Credentials>
            <Credentials>
                <account>
                    <service>http</service>
                    <realm>realm</realm>
                    <username>user</username>
                    <password>password</password>
                </account>
                <description>description</description>
                <hostRestriction>127.0.0.1</hostRestriction>
                <name>name</name>
                <portRestriction>22</portRestriction>
            </Credentials>
            <Credentials>
                <account>
                    <service>ms-sql</service>
                    <domain>domain</domain>
                    <useWindowsAuthentication>false</useWindowsAuthentication>
                    <username>user</username>
                    <password>password</password>
                    <Database>databasename</Database>
                </account>
                <description>description</description>
                <hostRestriction>127.0.0.1</hostRestriction>
                <name>name</name>
                <portRestriction>22</portRestriction>
            </Credentials>
            <Credentials>
                <account>
                    <service>mysql</service>
                    <database>databasename</database>
                    <username>user</username>
                    <password>password</password>
                </account>
                <description>description</description>
                <hostRestriction>127.0.0.1</hostRestriction>
                <name>name</name>
                <portRestriction>22</portRestriction>
            </Credentials>
            <Credentials>
                <account>
                    <service>notes</service>
                    <notesIDPassword>notesIDPassword</notesIDPassword>
                </account>
                <description>description</description>
                <hostRestriction>127.0.0.1</hostRestriction>
                <name>name</name>
                <portRestriction>22</portRestriction>
            </Credentials>
            <Credentials>
                <account>
                    <service>oracle</service>
                    <sid>sid</sid>
                    <username>user</username>
                    <password>password</password>
                    <enumerateSids>false</enumerateSids>
                    <oracleListenerPassword>oracleListenerPassword</oracleListenerPassword>
                </account>
                <description>description</description>
                <enabled>true</enabled>
                <hostRestriction>127.0.0.1</hostRestriction>
                <name>name</name>
                <portRestriction>22</portRestriction>
            </Credentials>
            <Credentials>
                <account>
                    <service>pop</service>
                    <username>user</username>
                    <password>password</password>
                </account>
                <description>description</description>
                <hostRestriction>127.0.0.1</hostRestriction>
                <name>name</name>
                <portRestriction>22</portRestriction>
            </Credentials>
            <Credentials>
                <account>
                    <service>postgresql</service>
                    <database>databasename</database>
                    <username>user</username>
                    <password>password</password>
                </account>
                <description>description</description>
                <hostRestriction>127.0.0.1</hostRestriction>
                <name>name</name>
                <portRestriction>22</portRestriction>
            </Credentials>
            <Credentials>
                <account>
                    <service>remote-exec</service>
                    <username>user</username>
                    <password>password</password>
                </account>
                <description>description</description>
                <hostRestriction>127.0.0.1</hostRestriction>
                <name>name</name>
                <portRestriction>22</portRestriction>
            </Credentials>
            <Credentials>
                <account>
                    <service>snmp</service>
                    <communityName>communityName</communityName>
                </account>
                <description>description</description>
                <hostRestriction>127.0.0.1</hostRestriction>
                <name>name</name>
                <portRestriction>22</portRestriction>
            </Credentials>
            <Credentials>
                <account>
                    <service>snmpv3</service>
                    <authenticationType>md5</authenticationType>
                    <username>user</username>
                    <password>pwd</password>
                    <privacyType>aes-128</privacyType>
                    <privacyPassword>privacyPassword</privacyPassword>
                </account>
                <description>description</description>
                <hostRestriction>127.0.0.1</hostRestriction>
                <name>name</name>
                <portRestriction>22</portRestriction>
            </Credentials>
            <Credentials>
                <account>
                    <service>ssh</service>
                    <username>user</username>
                    <password>pwd</password>
                    <permissionElevation>sudo</permissionElevation>
                    <permissionElevationUsername>permissionElevationUsername</permissionElevationUsername>
                    <permissionElevationPassword>permissionElevationPassword</permissionElevationPassword>
                </account>
                <description>description</description>
                <hostRestriction>127.0.0.1</hostRestriction>
                <name>name</name>
                <portRestriction>22</portRestriction>
            </Credentials>
            <Credentials>
                <account>
                    <service>ssh-key</service>
                    <username>user</username>
                    <privateKeyPassword>privateKeyPassword</privateKeyPassword>
                    <pemKey>pemKey</pemKey>
                    <permissionElevation>sudo</permissionElevation>
                    <permissionElevationUsername>permissionElevationUsername</permissionElevationUsername>
                    <permissionElevationPassword>permissionElevationPassword</permissionElevationPassword>
                </account>
                <description>description</description>
                <hostRestriction>127.0.0.1</hostRestriction>
                <name>name</name>
                <portRestriction>22</portRestriction>
            </Credentials>
            <Credentials>
                <account>
                    <service>sybase</service>
                    <domain>domain</domain>
                    <useWindowsAuthentication>false</useWindowsAuthentication>
                    <username>user</username>
                    <password>password</password>
                    <Database>databasename</Database>
                </account>
                <description>description</description>
                <hostRestriction>127.0.0.1</hostRestriction>
                <name>name</name>
                <portRestriction>22</portRestriction>
            </Credentials>
            <Credentials>
                <account>
                    <service>telnet</service>
                    <username>user</username>
                    <password>password</password>
                </account>
                <description>description</description>
                <enabled>false</enabled>
                <hostRestriction>127.0.0.1</hostRestriction>
                <name>name</name>
                <portRestriction>22</portRestriction>
            </Credentials>
        </taskconfig>
    </taskconfigItems>
</taskscan>